date,spend,impressions,clicks,leads,cpl
2023-01-01,49.78,5180,18,2,24.89
2023-01-02,154.44,14248,33,4,38.61
2023-01-03,327.92,34908,133,9,36.44
2023-01-04,79.64,6788,30,3,26.55
2023-01-05,193.21,19897,67,5,38.64
2023-01-06,174.45,23923,47,5,34.89
2023-01-07,54.12,6604,28,2,27.06
2023-01-08,112.66,11545,53,4,28.17
2023-01-09,318.36,30224,79,9,35.37
2023-01-10,118.05,12489,51,4,29.51
2023-01-11,157.55,17742,41,5,31.51
2023-01-12,253.91,21762,93,7,36.27
2023-01-13,246.13,21438,77,9,27.35
2023-01-14,62.11,5077,17,2,31.06
2023-01-15,131.79,11613,37,4,32.95
2023-01-16,204.83,30315,54,6,34.14
2023-01-17,115.04,13522,37,3,38.35
2023-01-18,293.32,34412,120,9,32.59
2023-01-19,166.51,24652,84,6,27.75
2023-01-20,205.61,16718,67,5,41.12
2023-01-21,103.41,10200,35,3,34.47
2023-01-22,52.65,7694,24,2,26.32
2023-01-23,108.02,13041,29,3,36.01
2023-01-24,178.6,16924,71,6,29.77
2023-01-25,145.27,18652,46,4,36.32
2023-01-26,148.06,14173,68,5,29.61
2023-01-27,176.42,24108,62,5,35.28
2023-01-28,212.96,30677,95,7,30.42
2023-01-29,70.17,5868,18,2,35.08
2023-01-30,268.1,24796,58,7,38.3
2023-01-31,114.72,14442,45,4,28.68
2023-02-01,130.36,18405,54,4,32.59
2023-02-02,315.81,27370,85,8,39.48
2023-02-03,87.53,9060,24,3,29.18
2023-02-04,155.24,20578,49,4,38.81
2023-02-05,200.68,18896,60,6,33.45
2023-02-06,165.11,19368,40,5,33.02
2023-02-07,174.96,24967,52,5,34.99
2023-02-08,273.0,35413,85,7,39.0
2023-02-09,41.1,4802,8,1,41.1
2023-02-10,68.37,5772,26,2,34.19
2023-02-11,139.87,17805,43,4,34.97
2023-02-12,261.26,39136,83,6,43.54
2023-02-13,125.9,13557,34,4,31.47
2023-02-14,125.06,15481,42,5,25.01
2023-02-15,77.49,7432,21,2,38.74
2023-02-16,228.67,22788,48,6,38.11
2023-02-17,212.17,20629,63,7,30.31
2023-02-18,116.46,17198,37,4,29.11
2023-02-19,70.22,10193,26,2,35.11
2023-02-20,128.84,16687,47,4,32.21
2023-02-21,134.04,18933,65,5,26.81
2023-02-22,138.55,12203,51,5,27.71
2023-02-23,156.89,15626,46,5,31.38
2023-02-24,26.4,2155,10,1,26.4
2023-02-25,192.64,21304,62,5,38.53
2023-02-26,97.47,9087,40,3,32.49
2023-02-27,91.69,7851,43,3,30.56
2023-02-28,262.59,23701,109,10,26.26
2023-03-01,281.63,23136,116,9,31.29
2023-03-02,259.2,26108,92,7,37.03
2023-03-03,34.72,4239,9,1,34.72
2023-03-04,106.11,9923,32,4,26.53
2023-03-05,134.92,14600,48,4,33.73
2023-03-06,220.35,26679,65,5,44.07
2023-03-07,209.69,25766,49,6,34.95
2023-03-08,185.26,16229,88,7,26.47
2023-03-09,54.68,4569,17,2,27.34
2023-03-10,347.5,35397,68,8,43.44
2023-03-11,125.59,12870,72,5,25.12
2023-03-12,84.9,7633,26,3,28.3
2023-03-13,295.1,39992,80,9,32.79
2023-03-14,426.35,41652,136,10,42.63
2023-03-15,244.83,21228,119,8,30.6
2023-03-16,522.83,54765,210,16,32.68
2023-03-17,304.7,26775,66,7,43.53
2023-03-18,103.66,10295,38,4,25.91
2023-03-19,70.53,9720,29,2,35.27
2023-03-20,408.68,53906,80,10,40.87
2023-03-21,86.24,11825,25,3,28.75
2023-03-22,118.68,9550,24,3,39.56
2023-03-23,146.02,15849,37,4,36.5
2023-03-24,570.59,76926,175,14,40.76
2023-03-25,112.2,15344,25,3,37.4
2023-03-26,189.61,27133,51,6,31.6
2023-03-27,75.72,10136,26,2,37.86
2023-03-28,353.82,44844,162,12,29.48
2023-03-29,277.57,41165,69,7,39.65
2023-03-30,267.43,34941,94,8,33.43
2023-03-31,158.04,12894,57,6,26.34
2023-04-01,206.87,23879,58,7,29.55
2023-04-02,87.59,11333,40,3,29.2
2023-04-03,182.31,26706,45,5,36.46
2023-04-04,272.2,38606,120,9,30.24
2023-04-05,76.39,9650,42,3,25.46
2023-04-06,151.52,14946,69,5,30.3
2023-04-07,293.16,26890,101,9,32.57
2023-04-08,56.78,6736,20,2,28.39
2023-04-09,140.44,15482,45,5,28.09
2023-04-10,405.72,47369,132,9,45.08
2023-04-11,225.81,23645,58,7,32.26
2023-04-12,355.66,48875,118,11,32.33
2023-04-13,208.79,19508,63,6,34.8
2023-04-14,289.12,24405,126,11,26.28
2023-04-15,259.76,21289,94,7,37.11
2023-04-16,123.97,16713,38,3,41.32
2023-04-17,76.73,6153,26,3,25.58
2023-04-18,319.02,31239,117,9,35.45
2023-04-19,257.73,27545,72,7,36.82
2023-04-20,179.11,15824,56,5,35.82
2023-04-21,152.21,16244,60,6,25.37
2023-04-22,147.21,21836,58,6,24.53
2023-04-23,65.3,6718,27,2,32.65
2023-04-24,95.67,12205,35,3,31.89
2023-04-25,402.07,48718,127,10,40.21
2023-04-26,271.31,38428,70,7,38.76
2023-04-27,176.53,18660,62,5,35.31
2023-04-28,110.76,12626,30,3,36.92
2023-04-29,126.91,13002,71,5,25.38
2023-04-30,149.67,19608,74,5,29.93
2023-05-01,234.55,22865,94,10,23.45
2023-05-02,123.8,16213,67,5,24.76
2023-05-03,65.29,7891,22,2,32.64
2023-05-04,305.21,28753,82,8,38.15
2023-05-05,214.44,26085,69,6,35.74
2023-05-06,113.55,10637,59,4,28.39
2023-05-07,62.38,7581,19,2,31.19
2023-05-08,241.04,28550,61,6,40.17
2023-05-09,148.7,15020,33,4,37.17
2023-05-10,177.64,22134,81,6,29.61
2023-05-11,93.11,7539,33,3,31.04
2023-05-12,165.18,15497,65,5,33.04
2023-05-13,170.42,23013,54,4,42.6
2023-05-14,156.74,17973,64,6,26.12
2023-05-15,333.29,43192,113,11,30.3
2023-05-16,35.2,3697,10,1,35.2
2023-05-17,228.56,21245,105,8,28.57
2023-05-18,128.78,15728,35,4,32.19
2023-05-19,217.44,20136,57,6,36.24
2023-05-20,63.21,7628,20,2,31.6
2023-05-21,99.31,11389,33,4,24.83
2023-05-22,222.54,24622,94,7,31.79
2023-05-23,257.28,31702,95,7,36.75
2023-05-24,333.72,27503,130,13,25.67
2023-05-25,250.1,35304,101,9,27.79
2023-05-26,84.74,9268,40,3,28.25
2023-05-27,258.75,24238,74,6,43.13
2023-05-28,222.83,28100,80,6,37.14
2023-05-29,180.91,17041,51,5,36.18
2023-05-30,112.97,14096,32,4,28.24
2023-05-31,217.18,25795,76,6,36.2
2023-06-01,28.92,3354,9,1,28.92
2023-06-02,338.47,49930,96,9,37.61
2023-06-03,191.98,28468,68,5,38.4
2023-06-04,0.0,0,0,0,0.0
2023-06-05,350.86,48856,89,9,38.98
2023-06-06,301.95,37196,67,8,37.74
2023-06-07,219.22,29384,107,9,24.36
2023-06-08,235.67,24332,56,7,33.67
2023-06-09,165.22,18920,74,6,27.54
2023-06-10,136.3,11649,32,4,34.08
2023-06-11,190.42,17548,40,5,38.08
2023-06-12,219.83,26909,50,5,43.97
2023-06-13,302.09,44689,72,8,37.76
2023-06-14,280.24,25143,80,7,40.03
2023-06-15,181.52,25124,60,5,36.3
2023-06-16,348.01,36645,78,9,38.67
2023-06-17,116.89,16994,43,4,29.22
2023-06-18,88.55,10249,35,3,29.52
2023-06-19,200.48,25437,46,5,40.1
2023-06-20,103.46,12099,37,3,34.49
2023-06-21,218.31,18352,107,8,27.29
2023-06-22,200.96,25449,108,8,25.12
2023-06-23,139.84,12715,43,4,34.96
2023-06-24,0.0,0,0,0,0.0
2023-06-25,204.67,28795,94,7,29.24
2023-06-26,160.18,17598,55,5,32.04
2023-06-27,185.64,24406,75,6,30.94
2023-06-28,36.45,3776,9,1,36.45
2023-06-29,150.13,16283,59,6,25.02
2023-06-30,184.99,18843,71,5,37.0
2023-07-01,177.45,15513,51,5,35.49
2023-07-02,122.18,12776,38,3,40.73
2023-07-03,153.77,13804,52,4,38.44
2023-07-04,176.35,18704,58,6,29.39
2023-07-05,338.92,29715,140,10,33.89
2023-07-06,251.95,35000,84,6,41.99
2023-07-07,292.03,32613,121,12,24.34
2023-07-08,114.08,16301,47,4,28.52
2023-07-09,124.24,15428,66,5,24.85
2023-07-10,155.94,21714,64,5,31.19
2023-07-11,152.81,18307,69,5,30.56
2023-07-12,159.24,17857,68,6,26.54
2023-07-13,294.79,39645,150,12,24.57
2023-07-14,190.68,19438,83,6,31.78
2023-07-15,229.53,20402,67,8,28.69
2023-07-16,96.5,13861,57,4,24.12
2023-07-17,225.06,19066,48,6,37.51
2023-07-18,257.66,21550,56,7,36.81
2023-07-19,409.5,37543,96,11,37.23
2023-07-20,258.64,21033,107,8,32.33
2023-07-21,353.44,29660,86,10,35.34
2023-07-22,156.38,12733,43,5,31.28
2023-07-23,106.66,13692,48,4,26.66
2023-07-24,197.19,18102,52,5,39.44
2023-07-25,489.36,65141,170,12,40.78
2023-07-26,148.39,15911,35,4,37.1
2023-07-27,257.57,31487,71,8,32.2
2023-07-28,111.07,13134,25,3,37.02
2023-07-29,79.49,10873,22,2,39.75
2023-07-30,0.0,0,0,0,0.0
2023-07-31,114.27,12004,43,4,28.57
2023-08-01,209.49,19829,49,6,34.92
2023-08-02,347.75,31010,98,9,38.64
2023-08-03,230.57,24805,92,8,28.82
2023-08-04,223.99,19742,82,6,37.33
2023-08-05,168.41,24722,40,5,33.68
2023-08-06,162.83,23734,65,6,27.14
2023-08-07,316.87,44235,109,8,39.61
2023-08-08,347.76,47423,85,10,34.78
2023-08-09,236.74,20666,83,7,33.82
2023-08-10,28.13,3731,14,1,28.13
2023-08-11,203.79,26201,68,6,33.96
2023-08-12,267.84,33252,90,7,38.26
2023-08-13,68.66,7804,27,2,34.33
2023-08-14,153.68,19560,56,4,38.42
2023-08-15,323.55,33935,119,10,32.35
2023-08-16,285.0,34481,107,8,35.62
2023-08-17,166.23,23780,73,5,33.25
2023-08-18,152.23,20654,61,5,30.45
2023-08-19,120.41,10010,29,3,40.14
2023-08-20,175.83,24321,71,6,29.3
2023-08-21,76.58,11143,28,2,38.29
2023-08-22,285.38,24459,103,11,25.94
2023-08-23,145.73,15252,34,4,36.43
2023-08-24,176.38,25876,74,6,29.4
2023-08-25,181.59,24876,52,5,36.32
2023-08-26,63.87,7021,27,2,31.94
2023-08-27,144.55,17821,63,5,28.91
2023-08-28,218.5,27745,63,7,31.21
2023-08-29,115.42,14312,36,3,38.47
2023-08-30,115.4,9375,29,3,38.47
2023-08-31,56.44,6895,24,2,28.22
2023-09-01,329.03,43366,161,11,29.91
2023-09-02,242.85,34954,57,6,40.47
2023-09-03,133.68,13653,32,4,33.42
2023-09-04,126.47,17411,57,4,31.62
2023-09-05,420.83,57482,111,11,38.26
2023-09-06,118.36,14527,35,3,39.45
2023-09-07,283.93,25505,100,9,31.55
2023-09-08,163.98,24318,74,6,27.33
2023-09-09,130.53,16494,57,4,32.63
2023-09-10,94.32,12828,39,3,31.44
2023-09-11,317.03,37168,88,8,39.63
2023-09-12,311.51,29877,84,10,31.15
2023-09-13,260.19,30085,64,7,37.17
2023-09-14,67.07,9362,18,2,33.54
2023-09-15,96.76,12567,44,3,32.25
2023-09-16,180.64,18568,88,7,25.81
2023-09-17,166.44,20330,40,4,41.61
2023-09-18,351.54,41537,98,9,39.06
2023-09-19,378.06,56141,152,11,34.37
2023-09-20,152.42,16003,64,5,30.48
2023-09-21,149.98,12203,36,4,37.5
2023-09-22,33.53,4613,14,1,33.53
2023-09-23,109.84,12581,37,3,36.61
2023-09-24,215.67,25450,70,8,26.96
2023-09-25,335.76,27922,68,8,41.97
2023-09-26,422.05,47136,101,10,42.21
2023-09-27,306.15,44900,77,9,34.02
2023-09-28,104.37,9890,28,3,34.79
2023-09-29,311.49,29946,101,7,44.5
2023-09-30,139.0,13013,49,5,27.8
2023-10-01,148.01,12814,59,4,37.0
2023-10-02,298.4,30302,67,8,37.3
2023-10-03,123.24,13079,74,5,24.65
2023-10-04,92.34,12145,42,3,30.78
2023-10-05,186.92,26097,55,5,37.38
2023-10-06,248.91,19914,74,8,31.11
2023-10-07,164.02,24432,34,4,41.01
2023-10-08,158.08,12765,68,5,31.62
2023-10-09,151.83,20554,43,4,37.96
2023-10-10,340.48,30136,128,9,37.83
2023-10-11,468.17,51195,136,13,36.01
2023-10-12,319.14,36301,105,10,31.91
2023-10-13,149.55,16453,54,6,24.93
2023-10-14,242.94,22363,74,7,34.71
2023-10-15,174.4,15716,51,5,34.88
2023-10-16,274.27,38749,112,9,30.47
2023-10-17,238.82,29874,111,9,26.54
2023-10-18,144.78,12710,60,5,28.96
2023-10-19,83.77,9340,27,3,27.92
2023-10-20,121.78,16964,32,3,40.59
2023-10-21,64.1,6083,16,2,32.05
2023-10-22,114.77,14699,44,4,28.69
2023-10-23,138.51,18200,73,5,27.7
2023-10-24,49.6,7369,19,2,24.8
2023-10-25,150.27,16865,39,4,37.57
2023-10-26,295.06,37630,103,9,32.78
2023-10-27,152.35,17007,66,5,30.47
2023-10-28,260.23,35881,54,6,43.37
2023-10-29,128.7,12798,47,5,25.74
2023-10-30,460.6,56524,138,12,38.38
2023-10-31,165.09,21966,64,5,33.02
2023-11-01,354.59,38377,134,9,39.4
2023-11-02,283.72,24012,86,8,35.47
2023-11-03,286.95,23657,100,7,40.99
2023-11-04,149.8,18521,84,6,24.97
2023-11-05,77.4,9729,32,3,25.8
2023-11-06,214.12,30011,86,6,35.69
2023-11-07,193.14,25892,79,6,32.19
2023-11-08,119.05,14203,41,3,39.68
2023-11-09,174.18,21107,86,6,29.03
2023-11-10,194.86,16990,78,8,24.36
2023-11-11,250.58,35876,81,6,41.76
2023-11-12,191.88,24437,87,6,31.98
2023-11-13,240.2,30205,76,7,34.31
2023-11-14,169.53,18346,48,5,33.91
2023-11-15,125.8,18276,40,4,31.45
2023-11-16,267.19,30757,98,7,38.17
2023-11-17,250.26,32500,100,7,35.75
2023-11-18,185.63,23755,48,5,37.13
2023-11-19,280.3,27916,67,8,35.04
2023-11-20,467.61,44043,99,11,42.51
2023-11-21,146.05,14062,43,4,36.51
2023-11-22,214.95,28508,53,6,35.82
2023-11-23,324.7,37464,125,9,36.08
2023-11-24,224.45,20154,116,8,28.06
2023-11-25,233.18,30773,79,8,29.15
2023-11-26,144.95,16628,71,5,28.99
2023-11-27,168.79,23497,65,6,28.13
2023-11-28,123.07,9907,37,4,30.77
2023-11-29,613.91,90687,173,14,43.85
2023-11-30,327.44,36115,105,9,36.38
2023-12-01,53.85,5402,22,2,26.93
2023-12-02,29.31,3653,8,1,29.31
2023-12-03,249.74,33722,95,8,31.22
2023-12-04,244.04,29276,54,6,40.67
2023-12-05,179.72,18730,57,4,44.93
2023-12-06,365.09,53961,122,12,30.42
2023-12-07,273.72,29271,92,10,27.37
2023-12-08,296.82,33941,82,8,37.1
2023-12-09,209.33,20835,77,8,26.17
2023-12-10,172.42,23852,69,6,28.74
2023-12-11,143.56,20745,40,4,35.89
2023-12-12,320.26,27530,114,9,35.58
2023-12-13,142.06,14764,41,5,28.41
2023-12-14,257.42,21530,110,8,32.18
2023-12-15,250.78,36075,81,8,31.35
2023-12-16,106.01,12982,25,3,35.34
2023-12-17,146.63,18770,41,5,29.33
2023-12-18,336.12,30684,122,9,37.35
2023-12-19,197.17,25118,58,5,39.43
2023-12-20,321.84,41721,122,11,29.26
2023-12-21,259.0,37848,102,7,37.0
2023-12-22,286.09,39596,75,8,35.76
2023-12-23,119.05,16510,58,4,29.76
2023-12-24,49.45,3978,25,2,24.72
2023-12-25,276.18,35709,108,9,30.69
2023-12-26,219.46,23278,58,5,43.89
2023-12-27,293.15,26155,97,8,36.64
2023-12-28,280.29,31748,99,7,40.04
2023-12-29,247.81,27945,101,7,35.4
2023-12-30,83.41,7172,18,2,41.7
2023-12-31,69.15,6670,18,2,34.58
2024-01-01,197.9,28550,109,8,24.74
2024-01-02,61.72,7802,25,2,30.86
2024-01-03,115.48,14010,32,3,38.49
2024-01-04,284.18,31453,89,10,28.42
2024-01-05,310.9,29014,100,8,38.86
2024-01-06,82.66,11283,42,3,27.55
2024-01-07,65.09,5914,21,2,32.55
2024-01-08,286.38,24769,78,9,31.82
2024-01-09,31.15,3313,12,1,31.15
2024-01-10,308.97,32253,101,8,38.62
2024-01-11,413.31,51881,134,10,41.33
2024-01-12,229.84,29574,65,7,32.83
2024-01-13,130.0,19051,25,3,43.33
2024-01-14,52.96,6121,21,2,26.48
2024-01-15,209.73,28695,54,6,34.96
2024-01-16,79.33,6610,21,2,39.66
2024-01-17,31.41,3043,14,1,31.41
2024-01-18,337.25,36021,126,9,37.47
2024-01-19,78.82,6957,24,2,39.41
2024-01-20,229.87,19461,69,6,38.31
2024-01-21,83.56,10742,35,3,27.85
2024-01-22,275.29,41074,82,7,39.33
2024-01-23,87.8,11268,35,3,29.27
2024-01-24,301.83,28704,97,10,30.18
2024-01-25,349.91,29399,97,12,29.16
2024-01-26,128.49,17156,42,4,32.12
2024-01-27,348.74,51317,73,9,38.75
2024-01-28,68.63,9847,27,2,34.31
2024-01-29,364.3,29673,89,10,36.43
2024-01-30,101.11,11204,33,4,25.28
2024-01-31,101.9,10649,33,3,33.97
2024-02-01,316.97,44666,105,10,31.7
2024-02-02,125.95,18127,51,4,31.49
2024-02-03,219.87,22389,97,8,27.48
2024-02-04,97.02,13819,44,3,32.34
2024-02-05,149.68,21741,53,5,29.94
2024-02-06,267.45,32379,49,6,44.58
2024-02-07,32.46,4409,11,1,32.46
2024-02-08,364.5,31258,128,9,40.5
2024-02-09,137.87,12803,37,4,34.47
2024-02-10,178.57,24980,81,6,29.76
2024-02-11,67.09,8024,21,2,33.54
2024-02-12,125.57,15994,65,5,25.11
2024-02-13,106.72,11974,39,3,35.57
2024-02-14,66.62,8155,27,2,33.31
2024-02-15,126.74,12248,33,4,31.69
2024-02-16,131.58,16068,47,5,26.32
2024-02-17,191.66,21531,74,5,38.33
2024-02-18,173.98,14428,51,5,34.8
2024-02-19,115.41,9478,35,3,38.47
2024-02-20,418.82,58892,210,15,27.92
2024-02-21,381.07,54643,130,12,31.76
2024-02-22,213.27,22695,41,5,42.65
2024-02-23,207.33,26082,90,7,29.62
2024-02-24,115.81,16674,40,4,28.95
2024-02-25,206.55,20063,80,6,34.42
2024-02-26,159.34,14824,43,4,39.84
2024-02-27,219.5,30156,54,6,36.58
2024-02-28,79.31,9529,24,2,39.66
2024-02-29,287.32,41897,68,7,41.05
2024-03-01,102.47,14420,47,4,25.62
2024-03-02,117.93,17218,43,3,39.31
2024-03-03,129.1,13965,70,5,25.82
2024-03-04,234.6,31807,64,6,39.1
2024-03-05,339.38,31978,111,9,37.71
2024-03-06,153.69,18247,55,4,38.42
2024-03-07,116.22,10833,35,4,29.06
2024-03-08,213.16,21806,43,5,42.63
2024-03-09,169.32,21151,63,5,33.86
2024-03-10,380.41,54533,75,9,42.27
2024-03-11,317.6,28095,107,9,35.29
2024-03-12,284.56,27215,115,11,25.87
2024-03-13,59.92,5716,24,2,29.96
2024-03-14,346.9,48192,132,9,38.54
2024-03-15,194.44,21110,63,6,32.41
2024-03-16,118.44,17499,57,4,29.61
2024-03-17,63.55,5378,16,2,31.78
2024-03-18,118.13,15304,46,4,29.53
2024-03-19,213.2,17086,43,5,42.64
2024-03-20,133.27,12763,52,4,33.32
2024-03-21,286.67,29782,79,8,35.83
2024-03-22,169.43,14176,58,6,28.24
2024-03-23,98.84,13338,52,4,24.71
2024-03-24,194.77,26139,51,5,38.95
2024-03-25,127.9,18601,27,3,42.63
2024-03-26,162.01,17190,50,5,32.4
2024-03-27,156.39,17750,55,4,39.1
2024-03-28,155.38,19773,71,5,31.08
2024-03-29,213.03,25652,62,6,35.5
2024-03-30,134.58,18784,40,5,26.92
2024-03-31,63.33,6767,25,2,31.67
2024-04-01,204.72,24633,87,6,34.12
2024-04-02,259.58,28958,69,7,37.08
2024-04-03,343.91,39406,134,9,38.21
2024-04-04,82.64,11789,27,3,27.55
2024-04-05,241.83,32121,58,6,40.31
2024-04-06,146.75,16015,34,4,36.69
2024-04-07,115.77,16418,28,3,38.59
2024-04-08,310.76,34472,124,9,34.53
2024-04-09,421.76,39053,131,11,38.34
2024-04-10,420.05,54771,95,11,38.19
2024-04-11,294.52,35093,72,7,42.07
2024-04-12,420.24,42015,122,10,42.02
2024-04-13,40.56,4531,8,1,40.56
2024-04-14,195.3,29221,92,7,27.9
2024-04-15,231.08,23290,85,6,38.51
2024-04-16,316.12,41875,118,8,39.52
2024-04-17,313.65,26779,122,10,31.37
2024-04-18,112.48,13611,43,4,28.12
2024-04-19,352.22,34605,140,11,32.02
2024-04-20,77.59,7589,26,2,38.8
2024-04-21,163.49,23625,57,5,32.7
2024-04-22,36.86,5482,14,1,36.86
2024-04-23,201.69,18244,97,7,28.81
2024-04-24,243.1,28202,90,7,34.73
2024-04-25,85.2,12447,32,3,28.4
2024-04-26,221.5,18471,82,9,24.61
2024-04-27,309.21,41796,119,8,38.65
2024-04-28,195.81,21795,79,7,27.97
2024-04-29,185.69,25651,69,5,37.14
2024-04-30,274.1,31619,104,9,30.46
2024-05-01,129.11,18533,26,3,43.04
2024-05-02,156.49,17480,64,5,31.3
2024-05-03,268.26,28399,114,9,29.81
2024-05-04,34.19,3111,12,1,34.19
2024-05-05,91.76,7637,24,3,30.59
2024-05-06,143.7,20575,49,6,23.95
2024-05-07,336.22,33826,79,8,42.03
2024-05-08,271.68,30936,117,9,30.19
2024-05-09,65.45,7317,26,2,32.73
2024-05-10,208.47,25226,72,6,34.75
2024-05-11,145.21,13705,38,4,36.3
2024-05-12,226.63,25489,89,7,32.38
2024-05-13,163.52,20610,74,5,32.7
2024-05-14,397.9,50152,110,13,30.61
2024-05-15,160.86,16580,43,4,40.21
2024-05-16,461.73,55310,138,12,38.48
2024-05-17,166.41,17404,81,6,27.74
2024-05-18,136.59,16638,45,4,34.15
2024-05-19,155.77,16007,59,5,31.15
2024-05-20,249.52,34059,116,8,31.19
2024-05-21,125.28,11921,37,4,31.32
2024-05-22,114.88,12931,47,4,28.72
2024-05-23,182.33,26899,62,7,26.05
2024-05-24,213.47,22533,58,5,42.69
2024-05-25,189.52,20951,71,6,31.59
2024-05-26,193.04,21929,64,7,27.58
2024-05-27,186.38,23697,54,5,37.28
2024-05-28,470.83,42144,121,11,42.8
2024-05-29,152.34,14126,56,6,25.39
2024-05-30,311.45,46083,69,7,44.49
2024-05-31,188.41,24861,44,5,37.68
2024-06-01,168.88,19423,71,6,28.15
2024-06-02,133.72,16338,46,4,33.43
2024-06-03,127.98,16843,55,4,32.0
2024-06-04,190.5,15783,73,5,38.1
2024-06-05,172.77,25252,52,4,43.19
2024-06-06,345.21,40357,123,9,38.36
2024-06-07,101.62,9658,32,3,33.87
2024-06-08,141.9,15262,65,5,28.38
2024-06-09,157.98,22737,34,4,39.5
2024-06-10,263.03,22756,91,7,37.58
2024-06-11,435.76,53592,156,12,36.31
2024-06-12,105.21,9090,41,4,26.3
2024-06-13,223.42,32892,71,7,31.92
2024-06-14,344.02,27781,125,9,38.22
2024-06-15,61.43,5483,26,2,30.72
2024-06-16,328.92,41464,86,8,41.11
2024-06-17,292.69,23418,93,7,41.81
2024-06-18,216.87,27119,66,6,36.15
2024-06-19,264.33,27940,142,10,26.43
2024-06-20,220.76,23739,101,7,31.54
2024-06-21,121.62,17989,36,3,40.54
2024-06-22,135.79,13465,48,4,33.95
2024-06-23,182.9,15667,75,6,30.48
2024-06-24,107.14,12389,58,4,26.79
2024-06-25,247.92,21702,71,6,41.32
2024-06-26,351.56,51898,140,11,31.96
2024-06-27,272.99,26762,79,8,34.12
2024-06-28,322.42,27734,115,10,32.24
2024-06-29,75.29,8870,26,2,37.64
2024-06-30,148.4,17269,57,4,37.1
2024-07-01,172.44,24768,52,5,34.49
2024-07-02,210.38,28213,92,9,23.38
2024-07-03,251.97,27371,79,7,36.0
2024-07-04,334.94,40568,162,11,30.45
2024-07-05,107.69,16062,43,4,26.92
2024-07-06,62.81,7709,19,2,31.4
2024-07-07,111.98,12676,34,3,37.33
2024-07-08,347.02,44776,99,10,34.7
2024-07-09,223.71,23613,85,6,37.29
2024-07-10,120.95,12573,52,4,30.24
2024-07-11,273.3,32408,72,8,34.16
2024-07-12,286.62,29352,113,10,28.66
2024-07-13,273.93,33999,60,7,39.13
2024-07-14,130.25,18146,48,4,32.56
2024-07-15,100.74,8198,39,4,25.18
2024-07-16,133.17,14667,55,4,33.29
2024-07-17,136.0,17244,72,5,27.2
2024-07-18,279.78,34027,83,7,39.97
2024-07-19,257.65,30395,114,8,32.21
2024-07-20,202.44,21420,41,5,40.49
2024-07-21,147.97,16076,49,5,29.59
2024-07-22,230.86,24814,89,6,38.48
2024-07-23,189.74,19447,77,8,23.72
2024-07-24,180.8,25100,44,5,36.16
2024-07-25,153.61,17879,73,6,25.6
2024-07-26,212.24,23165,86,7,30.32
2024-07-27,190.35,25579,102,7,27.19
2024-07-28,139.95,16190,40,5,27.99
2024-07-29,392.9,48901,102,11,35.72
2024-07-30,242.17,31677,53,6,40.36
2024-07-31,28.89,4095,10,1,28.89
2024-08-01,174.41,20922,69,5,34.88
2024-08-02,103.75,10299,27,3,34.58
2024-08-03,145.04,15462,32,4,36.26
2024-08-04,250.17,21686,82,6,41.69
2024-08-05,185.88,26635,74,5,37.18
2024-08-06,134.26,19674,42,3,44.75
2024-08-07,165.57,15382,54,4,41.39
2024-08-08,217.05,25579,115,8,27.13
2024-08-09,162.76,17849,59,5,32.55
2024-08-10,75.73,6867,43,3,25.24
2024-08-11,187.43,21058,86,6,31.24
2024-08-12,176.85,26346,59,6,29.48
2024-08-13,198.87,27072,64,5,39.77
2024-08-14,201.35,29091,60,7,28.76
2024-08-15,148.38,20180,58,4,37.1
2024-08-16,58.86,6666,21,2,29.43
2024-08-17,205.45,27272,117,8,25.68
2024-08-18,219.62,29345,59,6,36.6
2024-08-19,201.31,30022,75,6,33.55
2024-08-20,217.62,24717,82,8,27.2
2024-08-21,75.54,10942,17,2,37.77
2024-08-22,120.19,13109,40,4,30.05
2024-08-23,214.94,26041,83,6,35.82
2024-08-24,115.1,9590,26,3,38.37
2024-08-25,114.29,9295,44,4,28.57
2024-08-26,179.85,14775,84,6,29.98
2024-08-27,330.14,30292,121,10,33.01
2024-08-28,126.23,12245,41,3,42.08
2024-08-29,250.96,32473,114,8,31.37
2024-08-30,33.09,3286,13,1,33.09
2024-08-31,276.79,38295,75,7,39.54
2024-09-01,153.07,20519,57,4,38.27
2024-09-02,97.09,11271,25,3,32.36
2024-09-03,107.19,13980,52,4,26.8
2024-09-04,169.6,19778,69,5,33.92
2024-09-05,192.66,17312,55,5,38.53
2024-09-06,119.38,13412,45,5,23.88
2024-09-07,221.53,19178,80,6,36.92
2024-09-08,119.62,15262,68,5,23.92
2024-09-09,319.74,40458,83,9,35.53
2024-09-10,147.03,16193,47,5,29.41
2024-09-11,321.13,31129,111,11,29.19
2024-09-12,145.88,12308,44,4,36.47
2024-09-13,209.89,22642,73,5,41.98
2024-09-14,195.18,22522,78,7,27.88
2024-09-15,118.5,15379,37,4,29.62
2024-09-16,457.25,40036,213,17,26.9
2024-09-17,180.05,15174,63,6,30.01
2024-09-18,189.54,16696,55,5,37.91
2024-09-19,49.7,6840,21,2,24.85
2024-09-20,220.45,25807,67,6,36.74
2024-09-21,112.84,13715,26,3,37.61
2024-09-22,125.9,11722,50,4,31.48
2024-09-23,212.51,25247,66,6,35.42
2024-09-24,175.62,21377,73,6,29.27
2024-09-25,169.15,17369,83,6,28.19
2024-09-26,326.8,27401,110,9,36.31
2024-09-27,219.77,25137,52,5,43.95
2024-09-28,64.83,5596,16,2,32.41
2024-09-29,165.94,14589,55,5,33.19
2024-09-30,96.49,10202,37,3,32.16
2024-10-01,233.7,23397,57,6,38.95
2024-10-02,223.13,22012,80,8,27.89
2024-10-03,219.43,28355,97,7,31.35
2024-10-04,201.01,24840,67,7,28.72
2024-10-05,114.36,10986,38,4,28.59
2024-10-06,85.9,9101,24,3,28.63
2024-10-07,302.67,27959,91,7,43.24
2024-10-08,201.43,21609,112,8,25.18
2024-10-09,294.0,39882,110,8,36.75
2024-10-10,103.03,15142,37,4,25.76
2024-10-11,63.43,5533,23,2,31.71
2024-10-12,237.56,32196,62,6,39.59
2024-10-13,289.09,31031,100,9,32.12
2024-10-14,73.53,6473,29,2,36.77
2024-10-15,169.27,22936,69,6,28.21
2024-10-16,178.27,25361,58,5,35.65
2024-10-17,286.53,41234,103,7,40.93
2024-10-18,383.29,51282,101,9,42.59
2024-10-19,106.27,12138,28,3,35.42
2024-10-20,158.01,17736,57,5,31.6
2024-10-21,306.49,43564,87,10,30.65
2024-10-22,309.07,44199,108,8,38.63
2024-10-23,314.97,33107,91,8,39.37
2024-10-24,172.86,22445,54,5,34.57
2024-10-25,258.23,25774,90,7,36.89
2024-10-26,156.29,20377,53,6,26.05
2024-10-27,0.0,0,0,0,0.0
2024-10-28,259.13,26101,70,8,32.39
2024-10-29,213.37,20876,90,7,30.48
2024-10-30,208.3,22899,84,7,29.76
2024-10-31,357.66,47478,112,10,35.77
2024-11-01,152.68,16098,51,5,30.54
2024-11-02,185.15,27142,63,6,30.86
2024-11-03,64.75,6675,24,2,32.38
2024-11-04,543.63,81504,164,13,41.82
2024-11-05,240.72,32668,53,6,40.12
2024-11-06,316.83,43973,121,9,35.2
2024-11-07,285.87,36639,91,8,35.73
2024-11-08,177.42,24416,102,7,25.35
2024-11-09,174.82,16854,45,5,34.96
2024-11-10,118.98,12725,47,4,29.75
2024-11-11,259.23,34030,79,7,37.03
2024-11-12,180.79,26153,60,6,30.13
2024-11-13,130.43,13728,48,4,32.61
2024-11-14,250.82,23306,105,8,31.35
2024-11-15,362.37,49191,93,8,45.3
2024-11-16,128.35,16722,73,5,25.67
2024-11-17,133.47,15753,39,4,33.37
2024-11-18,277.95,30611,110,10,27.79
2024-11-19,212.12,20146,70,7,30.3
2024-11-20,218.96,26650,70,5,43.79
2024-11-21,266.69,29814,89,8,33.34
2024-11-22,285.58,28596,98,8,35.7
2024-11-23,108.67,14354,36,3,36.22
2024-11-24,109.31,11623,33,4,27.33
2024-11-25,338.25,39547,137,10,33.83
2024-11-26,165.19,18768,86,6,27.53
2024-11-27,289.55,31570,109,9,32.17
2024-11-28,203.6,22254,53,5,40.72
2024-11-29,272.44,22338,135,10,27.24
2024-11-30,171.87,20662,51,5,34.37
2024-12-01,222.43,20709,67,7,31.78
2024-12-02,277.42,31860,121,9,30.82
2024-12-03,170.63,16624,46,4,42.66
2024-12-04,347.47,47792,86,10,34.75
2024-12-05,156.07,15641,41,4,39.02
2024-12-06,141.42,14901,59,4,35.35
2024-12-07,210.99,25721,54,5,42.2
2024-12-08,147.07,13661,32,4,36.77
2024-12-09,351.86,28732,107,9,39.1
2024-12-10,83.33,9354,21,2,41.67
2024-12-11,253.94,37328,149,10,25.39
2024-12-12,168.45,18792,49,4,42.11
2024-12-13,169.71,23562,57,5,33.94
2024-12-14,0.0,0,0,0,0.0
2024-12-15,109.57,8950,40,3,36.52
2024-12-16,58.39,5837,28,2,29.2
2024-12-17,326.09,43959,111,8,40.76
2024-12-18,241.72,19457,72,6,40.29
2024-12-19,133.25,19673,44,4,33.31
2024-12-20,83.0,8664,32,3,27.67
2024-12-21,144.94,18776,65,6,24.16
2024-12-22,214.94,20768,64,7,30.71
2024-12-23,212.64,21475,77,6,35.44
2024-12-24,107.96,14425,57,4,26.99
2024-12-25,117.36,17061,32,4,29.34
2024-12-26,290.39,38111,103,8,36.3
2024-12-27,217.9,19389,82,6,36.32
2024-12-28,248.1,25722,89,8,31.01
2024-12-29,264.12,24532,78,7,37.73
2024-12-30,186.93,26406,40,5,37.39
2024-12-31,128.13,15080,56,4,32.03
2025-01-01,264.64,24078,102,7,37.81
2025-01-02,412.91,59104,155,13,31.76
2025-01-03,212.47,27138,67,7,30.35
2025-01-04,0.0,0,0,0,0.0
2025-01-05,41.08,3605,12,1,41.08
2025-01-06,86.55,9645,33,3,28.85
2025-01-07,169.49,13577,73,6,28.25
2025-01-08,138.9,16039,52,5,27.78
2025-01-09,389.95,37384,140,10,39.0
2025-01-10,89.91,8085,32,3,29.97
2025-01-11,199.78,25967,57,5,39.96
2025-01-12,295.31,43564,82,10,29.53
2025-01-13,95.32,7793,24,3,31.77
2025-01-14,102.2,11975,37,3,34.07
2025-01-15,254.01,30637,97,8,31.75
2025-01-16,104.07,11022,41,3,34.69
2025-01-17,259.89,29762,108,10,25.99
2025-01-18,178.93,21443,71,6,29.82
2025-01-19,204.4,19569,50,5,40.88
2025-01-20,344.22,48300,81,8,43.03
2025-01-21,122.73,14201,24,3,40.91
2025-01-22,379.48,43651,98,9,42.16
2025-01-23,345.25,32028,117,9,38.36
2025-01-24,37.87,3847,12,1,37.87
2025-01-25,280.61,30814,91,9,31.18
2025-01-26,60.73,5188,17,2,30.37
2025-01-27,198.37,17189,64,7,28.34
2025-01-28,94.97,12269,38,3,31.66
2025-01-29,222.64,22474,118,9,24.74
2025-01-30,88.63,12453,40,3,29.54
2025-01-31,254.39,37987,83,7,36.34
2025-02-01,55.95,8140,27,2,27.98
2025-02-02,161.91,20258,43,5,32.38
2025-02-03,161.06,22363,70,5,32.21
2025-02-04,393.59,35103,129,9,43.73
2025-02-05,363.96,44053,83,10,36.4
2025-02-06,269.86,33100,98,8,33.73
2025-02-07,143.97,21167,47,5,28.79
2025-02-08,71.68,6324,26,2,35.84
2025-02-09,0.0,0,0,0,0.0
2025-02-10,206.73,28862,71,7,29.53
2025-02-11,256.96,29264,58,7,36.71
2025-02-12,50.56,4482,27,2,25.28
2025-02-13,274.33,34284,91,8,34.29
2025-02-14,194.87,19009,64,7,27.84
2025-02-15,86.37,7014,44,3,28.79
2025-02-16,85.34,7042,41,3,28.45
2025-02-17,251.48,31772,71,6,41.91
2025-02-18,103.78,11569,33,3,34.59
2025-02-19,250.47,29667,66,7,35.78
2025-02-20,229.18,32322,90,7,32.74
2025-02-21,184.8,24491,70,5,36.96
2025-02-22,194.88,20984,55,6,32.48
2025-02-23,222.96,25491,109,8,27.87
2025-02-24,29.13,4261,10,1,29.13
2025-02-25,0.0,0,0,0,0.0
2025-02-26,116.55,11936,54,4,29.14
2025-02-27,87.19,9929,39,3,29.06
2025-02-28,255.26,27193,89,6,42.54
2025-03-01,91.28,7671,29,3,30.43
2025-03-02,248.19,37150,76,7,35.46
2025-03-03,367.28,37296,130,9,40.81
2025-03-04,123.85,16430,59,4,30.96
2025-03-05,251.2,37650,67,7,35.89
2025-03-06,201.95,19451,71,5,40.39
2025-03-07,177.98,17217,48,5,35.6
2025-03-08,209.37,21176,94,7,29.91
2025-03-09,374.4,44935,125,10,37.44
2025-03-10,177.84,19249,55,6,29.64
2025-03-11,168.96,19457,90,7,24.14
2025-03-12,167.94,15405,44,4,41.98
2025-03-13,136.47,18782,43,4,34.12
2025-03-14,179.04,24001,71,6,29.84
2025-03-15,115.12,14238,38,3,38.37
2025-03-16,260.93,38518,129,9,28.99
2025-03-17,356.14,46072,105,11,32.38
2025-03-18,186.5,16084,66,5,37.3
2025-03-19,214.59,20330,79,8,26.82
2025-03-20,219.42,22669,102,7,31.35
2025-03-21,178.67,18311,73,6,29.78
2025-03-22,102.08,8912,54,4,25.52
2025-03-23,94.72,12092,38,4,23.68
2025-03-24,102.59,9619,53,4,25.65
2025-03-25,164.85,15335,62,6,27.48
2025-03-26,240.23,21037,105,10,24.02
2025-03-27,288.8,25100,141,11,26.25
2025-03-28,247.2,34956,94,8,30.9
2025-03-29,111.18,16568,27,3,37.06
2025-03-30,359.44,31505,71,8,44.93
2025-03-31,98.34,10888,33,3,32.78
2025-04-01,183.08,18264,87,6,30.51
2025-04-02,324.17,33076,99,10,32.42
2025-04-03,342.08,50937,108,10,34.21
2025-04-04,215.41,31873,96,7,30.77
2025-04-05,98.24,10572,35,3,32.75
2025-04-06,92.64,13862,36,3,30.88
2025-04-07,121.48,10324,34,4,30.37
2025-04-08,233.02,27653,81,7,33.29
2025-04-09,266.02,22469,85,6,44.34
2025-04-10,201.97,29000,56,5,40.39
2025-04-11,189.66,18610,65,5,37.93
2025-04-12,416.43,62150,138,12,34.7
2025-04-13,155.54,20897,80,6,25.92
2025-04-14,465.84,39369,170,12,38.82
2025-04-15,501.37,52204,124,12,41.78
2025-04-16,129.25,18171,36,3,43.08
2025-04-17,69.97,8212,22,2,34.98
2025-04-18,216.64,21753,65,7,30.95
2025-04-19,68.63,8717,21,2,34.32
2025-04-20,82.32,12172,20,2,41.16
2025-04-21,277.9,30576,97,7,39.7
2025-04-22,276.02,27994,76,8,34.5
2025-04-23,221.86,20586,88,7,31.69
2025-04-24,123.24,16576,48,4,30.81
2025-04-25,235.83,31274,73,8,29.48
2025-04-26,351.79,40943,107,9,39.09
2025-04-27,151.48,19703,32,4,37.87
2025-04-28,313.68,25735,81,9,34.85
2025-04-29,254.62,35121,51,6,42.44
2025-04-30,357.72,44136,67,8,44.72
2025-05-01,238.35,24294,57,6,39.73
2025-05-02,136.62,12446,50,5,27.32
2025-05-03,69.61,8722,19,2,34.8
2025-05-04,176.36,20936,43,5,35.27
2025-05-05,205.87,22636,71,7,29.41
2025-05-06,214.09,21514,84,7,30.58
2025-05-07,465.09,42412,125,14,33.22
2025-05-08,218.04,30524,97,8,27.26
2025-05-09,169.28,19235,73,5,33.86
2025-05-10,169.56,17695,71,5,33.91
2025-05-11,122.48,9999,47,4,30.62
2025-05-12,306.7,45900,110,9,34.08
2025-05-13,396.02,56659,136,11,36.0
2025-05-14,126.38,13262,36,4,31.6
2025-05-15,460.9,49957,126,13,35.45
2025-05-16,173.93,19470,36,4,43.48
2025-05-17,189.62,27019,70,5,37.92
2025-05-18,197.14,27511,80,6,32.86
2025-05-19,219.0,20419,56,6,36.5
2025-05-20,197.66,25958,102,8,24.71
2025-05-21,460.69,45122,127,12,38.39
2025-05-22,254.26,21815,57,6,42.38
2025-05-23,207.49,22972,63,6,34.58
2025-05-24,30.74,3271,13,1,30.74
2025-05-25,190.46,23866,76,6,31.74
2025-05-26,260.11,38267,70,8,32.51
2025-05-27,220.52,20042,79,7,31.5
2025-05-28,294.9,38496,64,8,36.86
2025-05-29,166.95,22037,55,4,41.74
2025-05-30,138.61,19794,72,5,27.72
2025-05-31,141.06,12748,58,4,35.27
2025-06-01,60.08,8015,26,2,30.04
2025-06-02,458.09,57950,159,12,38.17
2025-06-03,0.0,0,0,0,0.0
2025-06-04,554.53,70335,203,14,39.61
2025-06-05,181.13,22853,82,6,30.19
2025-06-06,195.69,23283,40,5,39.14
2025-06-07,103.55,10972,31,3,34.52
2025-06-08,59.05,8241,24,2,29.52
2025-06-09,152.38,20439,68,5,30.48
2025-06-10,226.4,27792,83,8,28.3
2025-06-11,164.46,24507,87,6,27.41
2025-06-12,248.27,36160,98,9,27.59
2025-06-13,178.27,26645,87,6,29.71
2025-06-14,129.25,14637,47,4,32.31
2025-06-15,58.29,7832,26,2,29.14
2025-06-16,358.42,40593,97,9,39.82
2025-06-17,207.25,20838,100,7,29.61
2025-06-18,183.08,20821,71,5,36.62
2025-06-19,148.21,21470,58,5,29.64
2025-06-20,158.17,13338,56,5,31.63
2025-06-21,117.45,11122,37,3,39.15
2025-06-22,138.5,18517,60,5,27.7
2025-06-23,357.92,43539,156,14,25.57
2025-06-24,150.05,21276,80,6,25.01
2025-06-25,234.31,25836,73,7,33.47
2025-06-26,206.79,21079,113,8,25.85
2025-06-27,129.49,17977,39,4,32.37
2025-06-28,250.4,20701,66,7,35.77
2025-06-29,83.78,10659,34,3,27.93
2025-06-30,150.58,12135,73,5,30.12
2025-07-01,192.61,24972,114,8,24.08
2025-07-02,165.99,23232,41,5,33.2
2025-07-03,268.84,27651,92,7,38.41
2025-07-04,117.0,15234,51,4,29.25
2025-07-05,142.66,11757,55,5,28.53
2025-07-06,210.7,29183,103,8,26.34
2025-07-07,258.34,23073,88,7,36.91
2025-07-08,204.33,21782,63,6,34.06
2025-07-09,302.04,30166,72,8,37.76
2025-07-10,313.13,45032,72,9,34.79
2025-07-11,428.68,50990,139,12,35.72
2025-07-12,84.58,8748,28,3,28.19
2025-07-13,104.14,9071,38,3,34.71
2025-07-14,181.43,21891,76,7,25.92
2025-07-15,169.09,18958,43,5,33.82
2025-07-16,34.58,4376,10,1,34.58
2025-07-17,211.56,31468,63,6,35.26
2025-07-18,0.0,0,0,0,0.0
2025-07-19,104.83,9806,43,3,34.94
2025-07-20,287.3,23173,118,9,31.92
2025-07-21,155.9,15184,45,5,31.18
2025-07-22,247.0,21024,63,7,35.29
2025-07-23,126.57,13685,53,4,31.64
2025-07-24,75.05,9533,19,2,37.52
2025-07-25,317.73,28622,88,8,39.72
2025-07-26,180.31,22439,71,5,36.06
2025-07-27,93.36,8628,41,3,31.12
2025-07-28,227.66,19983,70,7,32.52
2025-07-29,104.83,10911,38,3,34.94
2025-07-30,240.86,22906,98,7,34.41
2025-07-31,206.71,21289,62,5,41.34
2025-08-01,201.58,25911,45,5,40.32
2025-08-02,168.12,21341,55,4,42.03
2025-08-03,122.44,17718,57,4,30.61
2025-08-04,340.38,34237,142,10,34.04
2025-08-05,212.77,17862,46,5,42.55
2025-08-06,297.48,32067,103,8,37.19
2025-08-07,273.49,33115,93,7,39.07
2025-08-08,178.63,18604,70,6,29.77
2025-08-09,168.69,21370,61,5,33.74
2025-08-10,257.06,29979,87,7,36.72
2025-08-11,327.24,40055,128,10,32.72
2025-08-12,317.89,40614,81,9,35.32
2025-08-13,185.84,23975,56,7,26.55
2025-08-14,237.19,34875,77,6,39.53
2025-08-15,197.82,26028,48,5,39.56
2025-08-16,35.64,3335,11,1,35.64
2025-08-17,173.65,14660,32,4,43.41
2025-08-18,345.06,47875,117,9,38.34
2025-08-19,287.39,24826,156,11,26.13
2025-08-20,114.64,9471,38,4,28.66
2025-08-21,282.93,23405,103,10,28.29
2025-08-22,77.91,11297,26,2,38.96
2025-08-23,32.93,4016,8,1,32.93
2025-08-24,159.56,23406,45,4,39.89
2025-08-25,263.06,24049,59,7,37.58
2025-08-26,194.95,20271,93,7,27.85
2025-08-27,276.31,39418,83,8,34.54
2025-08-28,255.14,21944,83,7,36.45
2025-08-29,157.94,19889,64,6,26.32
2025-08-30,229.5,18578,64,6,38.25
2025-08-31,144.57,15465,43,5,28.91
2025-09-01,130.38,18693,55,5,26.08
2025-09-02,138.32,14229,59,4,34.58
2025-09-03,256.91,30785,100,7,36.7
2025-09-04,151.23,16800,53,5,30.25
2025-09-05,227.49,26593,86,8,28.44
2025-09-06,173.45,19430,57,5,34.69
2025-09-07,29.94,2456,14,1,29.94
2025-09-08,244.05,35072,104,7,34.86
2025-09-09,138.65,18114,66,5,27.73
2025-09-10,327.14,44955,102,9,36.35
2025-09-11,308.38,29156,67,8,38.55
2025-09-12,140.67,15851,40,4,35.17
2025-09-13,98.61,13286,34,4,24.65
2025-09-14,234.39,30470,89,9,26.04
2025-09-15,87.99,10536,37,3,29.33
2025-09-16,139.2,14700,48,4,34.8
2025-09-17,295.15,40979,68,8,36.89
2025-09-18,310.59,41688,86,9,34.51
2025-09-19,31.29,4342,10,1,31.29
2025-09-20,0.0,0,0,0,0.0
2025-09-21,62.49,7956,22,2,31.24
2025-09-22,120.49,9862,33,3,40.16
2025-09-23,216.3,30857,74,6,36.05
2025-09-24,465.89,43962,124,12,38.82
2025-09-25,257.19,25621,56,7,36.74
2025-09-26,81.25,9132,39,3,27.08
2025-09-27,31.8,3418,8,1,31.8
2025-09-28,26.8,3953,14,1,26.8
2025-09-29,137.46,18175,45,5,27.49
2025-09-30,354.42,39153,74,9,39.38
2025-10-01,345.51,40300,115,11,31.41
2025-10-02,132.62,11038,41,5,26.52
2025-10-03,145.2,14165,68,5,29.04
2025-10-04,286.96,23558,114,8,35.87
2025-10-05,175.92,23826,56,7,25.13
2025-10-06,355.59,38636,150,11,32.33
2025-10-07,196.16,16363,61,6,32.69
2025-10-08,226.77,32541,82,7,32.4
2025-10-09,118.46,10837,73,5,23.69
2025-10-10,296.74,26044,105,8,37.09
2025-10-11,87.0,12942,24,3,29.0
2025-10-12,114.52,13351,24,3,38.17
2025-10-13,206.93,20428,43,5,41.39
2025-10-14,322.6,28427,76,8,40.32
2025-10-15,56.63,4803,21,2,28.32
2025-10-16,85.9,7208,29,3,28.63
2025-10-17,341.26,35743,130,9,37.92
2025-10-18,255.59,27995,93,9,28.4
2025-10-19,81.59,8679,28,2,40.8
2025-10-20,348.42,32275,117,8,43.55
2025-10-21,184.75,19506,51,5,36.95
2025-10-22,293.04,40170,114,9,32.56
2025-10-23,270.58,37226,66,7,38.65
2025-10-24,166.73,19396,54,4,41.68
2025-10-25,101.72,10466,46,4,25.43
2025-10-26,201.91,23745,66,5,40.38
2025-10-27,187.95,19854,67,7,26.85
2025-10-28,218.88,17553,59,5,43.78
2025-10-29,210.39,22607,60,5,42.08
2025-10-30,339.79,32680,90,9,37.75
2025-10-31,139.25,17927,62,5,27.85
2025-11-01,150.52,12840,44,4,37.63
2025-11-02,75.83,8171,28,2,37.92
2025-11-03,189.91,16501,88,6,31.65
2025-11-04,242.25,21060,132,9,26.92
2025-11-05,392.59,31909,172,12,32.72
2025-11-06,196.24,20798,100,7,28.03
2025-11-07,36.12,4589,11,1,36.12
2025-11-08,238.02,24392,60,6,39.67
2025-11-09,163.1,17367,51,4,40.77
2025-11-10,296.18,32201,98,10,29.62
2025-11-11,162.95,23606,48,5,32.59
2025-11-12,173.37,25692,71,5,34.67
2025-11-13,195.34,26655,103,7,27.91
2025-11-14,184.97,23527,58,5,36.99
2025-11-15,378.54,33372,128,9,42.06
2025-11-16,63.8,7385,26,2,31.9
2025-11-17,317.21,26463,100,8,39.65
2025-11-18,126.98,16589,74,5,25.4
2025-11-19,224.6,21112,120,9,24.96
2025-11-20,447.91,36055,91,11,40.72
2025-11-21,163.46,13818,78,6,27.24
2025-11-22,139.91,18317,46,5,27.98
2025-11-23,358.47,51151,123,9,39.83
2025-11-24,359.84,31981,88,9,39.98
2025-11-25,246.1,22617,118,8,30.76
2025-11-26,424.52,62201,110,10,42.45
2025-11-27,110.38,12201,33,3,36.79
2025-11-28,190.31,20794,98,8,23.79
2025-11-29,175.37,16990,50,6,29.23
2025-11-30,152.87,17210,37,4,38.22
2025-12-01,137.44,14487,39,4,34.36
2025-12-02,184.89,15448,73,5,36.98
2025-12-03,352.29,41479,103,10,35.23
2025-12-04,112.8,9508,34,4,28.2
2025-12-05,110.75,12706,33,3,36.92
2025-12-06,150.72,21471,34,4,37.68
2025-12-07,238.35,32531,86,6,39.72
2025-12-08,269.11,22895,59,7,38.44
2025-12-09,155.78,13162,70,5,31.16
2025-12-10,169.9,14684,57,6,28.32
2025-12-11,271.82,22007,87,7,38.83
2025-12-12,410.96,52411,147,10,41.1
2025-12-13,126.94,10366,55,4,31.74
2025-12-14,144.67,14788,42,4,36.17
2025-12-15,191.71,28589,42,5,38.34
2025-12-16,185.63,19708,66,5,37.13
2025-12-17,158.85,14606,64,5,31.77
2025-12-18,257.22,20595,78,7,36.75
2025-12-19,606.25,50642,158,15,40.42
2025-12-20,428.17,53146,124,12,35.68
2025-12-21,162.88,22444,56,4,40.72
2025-12-22,237.86,19528,83,9,26.43
2025-12-23,178.97,23422,104,7,25.57
2025-12-24,147.02,14199,60,6,24.5
2025-12-25,87.58,9318,34,3,29.19
2025-12-26,197.99,27920,93,7,28.28
2025-12-27,165.3,16626,65,6,27.55
2025-12-28,144.51,16535,54,4,36.13
2025-12-29,286.52,36089,114,8,35.81
2025-12-30,230.55,23554,97,7,32.94
2025-12-31,161.02,18517,54,5,32.2
